window_id,H_S,H_Sp,MI,P,H_f,H_b,Delta_H
1,2.4509558010348713,2.4521314464633295,2.3344785843626337,0.47612421858366905,0.11765286210069581,0.11647721667223765,0.0011756454284581608
2,2.6658887052412323,2.6719312891424036,2.5347370063456602,0.4748637100937588,0.13719428279674384,0.13115169889557254,0.0060425839011712945
3,2.688557650660334,2.7006192514989142,2.545175820740236,0.47227542664640987,0.15544343075867761,0.1433818299200973,0.012061600838580322
4,2.4440032341764777,2.466843409828085,2.323390385039206,0.47311401749344617,0.143453024788879,0.12061284913727155,0.022840175651607453
5,2.75448924725103,2.7603490059267393,2.6008183888302985,0.4716037478219149,0.15953061709644123,0.1536708584207318,0.0058597586757094255
6,2.9747419647298274,2.9830559150267772,2.800148032203911,0.46999715141701087,0.18290788282286607,0.17459393252591626,0.008313950296949812
7,2.845806697965049,2.8523754311814766,2.6874651142249095,0.4716355239820034,0.1649103169565671,0.1583415837401394,0.006568733216427702
8,3.21942793346053,3.2226346561057757,3.0122074543157438,0.467584319841036,0.2104272017900315,0.20722047914478559,0.0032067226452459074
9,3.3529192118890605,3.355228403242595,3.119499983757593,0.46503150537726634,0.23572841948500267,0.23341922813146798,0.0023091913535346897
10,3.462620573558685,3.4723350389805767,3.2298487083140546,0.4657345899192328,0.24248633066652214,0.23277186524463023,0.009714465421891916
11,3.728197745107642,3.730830483127651,3.4569459513681746,0.46345795264352313,0.27388453175947625,0.2712517937394674,0.0026327380200088513
12,3.7258925154562266,3.7275977009085137,3.47399823390564,0.4660901313425214,0.25359946700287317,0.251894281550586,0.0017051854522871501
13,3.449300647184027,3.4464191294622593,3.2255643348525553,0.467763255951404,0.22085479460970436,0.22373631233147195,-0.0028815177217675902
14,3.1646550289596496,3.1613728588855494,2.9677299255135168,0.4691300731088618,0.19364293337203264,0.1969251034461328,-0.0032821700741001436
15,2.839428586407369,2.819045159983035,2.6540291168664565,0.4690362164460845,0.1650160431165788,0.18539946954091313,-0.020383426424334328
16,2.5524527812310005,2.555713240022911,2.4075205356962517,0.4713082005712244,0.1481927043266591,0.14493224553474882,0.003260458791910281
17,2.1933674923394024,2.1864022991144116,2.0782120642190964,0.47450257962742326,0.10819023489531521,0.11515542812030599,-0.006965193224990784
18,2.0717043016902443,2.0825830289097307,1.9664754895857532,0.47336049076358633,0.11610753932397744,0.10522881210449109,0.01087872721948635
19,1.8761908838052002,1.8747766710059124,1.800064865836023,0.47989347802467697,0.07471180516988962,0.0761260179691774,-0.0014142127992877729
20,1.8892357380411176,1.892415042365659,1.8159138998835178,0.48019079638236384,0.07650114248214113,0.07332183815759974,0.0031793043245413877
21,1.9275279825611504,1.9339802523139773,1.8353403540900257,0.47529106309140795,0.0986398982239518,0.09218762847112494,0.006452269752826867
22,1.768474963319128,1.7765854600159154,1.6970903325592597,0.47871971980740136,0.07949512745665577,0.07138463075986823,0.00811049669678754
23,2.0745733832578592,2.069049201556756,1.9758994868923851,0.4768531511855312,0.09314971466437072,0.09867389636547408,-0.005524181701103359
24,2.575041511517118,2.5773090592359393,2.447415593070613,0.47500952418944264,0.12989346616532638,0.12762591844650517,0.0022675477188212056
25,2.8295266900712224,2.835531018767066,2.6737436094750096,0.4719711160759391,0.1617874092920566,0.15578308059621282,0.006004328695843775
26,2.922745572180709,2.9185197276278525,2.7473769841288216,0.4703393602442372,0.17114274349903136,0.17536858805188782,-0.004225844552856461
27,3.1782588692910254,3.1828816091174024,2.96395384076296,0.46594692426986745,0.2189277683544426,0.21430502852806566,0.004622739826376954
28,3.2021255248983773,3.1936944415217745,2.974229876378679,0.46502714147587326,0.21946456514309576,0.22789564851969857,-0.00843108337660281
29,3.3144602990369796,3.3139468230335885,3.1006766435129833,0.4677860889366132,0.21327017952060512,0.21378365552399625,-0.0005134760033911334
30,3.4549129464131845,3.4511811985708993,3.221027681600423,0.4664036739116661,0.23015351697047626,0.2338852648127614,-0.003731747842285138
31,3.3671054841359482,3.374959756652182,3.152440687483453,0.467577897112568,0.22251906916872866,0.21466479665249505,0.007854272516233607
32,3.327703724367298,3.328281573896461,3.1288385525707243,0.47007894584546245,0.1994430213257372,0.19886517179657437,0.0005778495291628438
33,3.3287433161545605,3.3073436015612043,3.111664677898822,0.46890053076186966,0.1956789236623826,0.2170786382557388,-0.02139971459335621
34,3.232206963226965,3.2314841065529643,3.034729633530957,0.469504127095338,0.19675447302200721,0.19747732969600795,-0.000722856674000738
35,2.838000428434877,2.8428390565515764,2.6653315525270864,0.4691791696581341,0.17750750402449,0.17266887590779056,0.004838628116699439
36,2.5602302065323608,2.5626890424709723,2.4052410288976978,0.469505942215591,0.15744801357327454,0.15498917763466302,0.0024588359386115144
37,2.49820251232711,2.4969190500074854,2.3709063977841804,0.4746443841651128,0.12601265222330538,0.1272961145429301,-0.0012834623196247286
38,2.4677315174320347,2.470412555869591,2.3425133691558018,0.47437120796469706,0.12789918671378908,0.1252181482762329,0.0026810384375561824
39,2.455168192861171,2.4657381325236893,2.3310990389683384,0.47371335376639684,0.13463909355535142,0.12406915389283313,0.01056993966251829
40,2.302578505999204,2.2956416083965614,2.187542808803805,0.4757368621730849,0.10809879959275648,0.11503569719539897,-0.006936897602642489
41,2.4877358854105256,2.4920265568323834,2.3578192275481946,0.47348026234083196,0.13420732928418877,0.12991665786233098,0.004290671421857795
42,2.461602057601879,2.461323178284656,2.3440088320885137,0.47614146463193197,0.1173143461961419,0.11759322551336471,-0.00027887931722281323
43,1.9130939820447623,1.9120803508331359,1.8385196834257413,0.48063683467271345,0.07356066740739453,0.07457429861902098,-0.0010136312116264534
44,2.1918677262892423,2.184399978664745,2.0800822536183947,0.4753096459943977,0.10431772504635006,0.1117854726708476,-0.007467747624497534
45,2.055812507856066,2.056062395447005,1.9527350540582415,0.4749013771040574,0.1033273413887641,0.10307745379782496,0.00024988759093913515
46,2.209514579680771,2.216341579288532,2.094790032583068,0.47330730085699496,0.1215515467054642,0.11472454709770297,0.0068269996077612305
47,2.3135830160921187,2.305151932715516,2.1614279324942296,0.46796968357152,0.14372400022128673,0.15215508359788954,-0.00843108337660281
48,2.7177516880975,2.718452491705019,2.560168193331601,0.4709477621984029,0.1582842983734185,0.1575834947658996,0.0007008036075188961
49,2.867336002962427,2.8666334203357726,2.7068269566356244,0.4720686067207257,0.15980646370014862,0.16050904632680307,-0.0007025826266544577
50,2.8659924288544265,2.8674762808704193,2.706652493766551,0.4720794044233033,0.1608237871038689,0.15933993508787614,0.0014838520159927704
51,2.902756686152749,2.894325602776147,2.717588146726589,0.4687855047213254,0.17673745604955826,0.18516853942616018,-0.008431083376601922
52,2.998770203426332,2.995092193267131,2.794051771769485,0.46615213811228534,0.201040421497646,0.20471843165684733,-0.003678010159201328
53,3.2314290103093417,3.2292960072026218,3.024647898751243,0.46815920667616345,0.2046481084513787,0.20678111155809864,-0.002133003106719933
54,3.0901532346881653,3.0810748627498517,2.886669177938064,0.46776251539567365,0.19440568481178744,0.20348405675010106,-0.009078371938313623
55,3.249843217265921,3.2565632967545297,3.0413093176110038,0.4674330309760667,0.2152539791435264,0.20853389965491775,0.0067200794886086435
56,3.105778056942988,3.1143143549840158,2.918665329718236,0.4692318275081744,0.19564902526577965,0.18711272722475192,0.008536298041027734
57,3.080861756597909,3.076851098613161,2.9028276743402914,0.4714132897385307,0.17402342427286976,0.1780340822576174,-0.004010657984747645
58,2.91630248602294,2.906015264932339,2.7327893670639267,0.4693645183854063,0.17322589786841247,0.18351311895901334,-0.010287221090600873
59,2.5782440124253636,2.5813226298716234,2.4446577734762625,0.4738106788728143,0.13666485639536097,0.13358623894910115,0.0030786174462598126
60,2.1445550158226547,2.1385167645347845,2.0461394715958807,0.4777271025388051,0.09237729293890329,0.09841554422677357,-0.006038251287870278
61,2.160051695994235,2.1578660545486983,2.0627077396844764,0.47770890018113765,0.09515831486422188,0.09734395630975845,-0.002185641445536568
62,2.1912042734047206,2.194658516222284,2.095533215626122,0.4777926980712354,0.09912530059616254,0.09567105777859908,0.0034542428175634576
63,1.9483445076115204,1.9749247391975264,1.873941779672923,0.4776480179628445,0.10098295952460346,0.07440272793859748,0.026580231586005976
64,2.1680835663445013,2.1610525413117827,2.0680772076241656,0.4777112930144821,0.09297533368761712,0.1000063587203357,-0.007031025032718574
65,2.1558561867668677,2.1434297229591373,2.038079385028399,0.47405067441962395,0.10535033793073811,0.1177768017384686,-0.012426463807730492
66,2.434935088011233,2.4466039107053157,2.31362996578994,0.47395503065697897,0.1329739449153755,0.12130512222129264,0.01166882269408287
67,2.6940710739737623,2.704201502407424,2.553043810302463,0.4729371802144038,0.15115769210496133,0.1410272636712997,0.010130428433661631
68,3.343132174261424,3.3422347213091665,3.140711980877735,0.46978902279224544,0.20152274043143104,0.20242019338368866,-0.0008974529522576269
69,3.344016039759734,3.343315236152215,3.134608390445206,0.4687383144508181,0.2087068457070096,0.2094076493145285,-0.0007008036075188961
70,3.4648844239830296,3.474635815279392,3.2348830426512203,0.4661537009934631,0.2397527726281714,0.23000138133180892,0.009751391296362488
71,3.3739414705875794,3.3686562869035996,3.1091276211540615,0.46111717367386335,0.25952866574953815,0.26481384943351793,-0.005285183683979788
72,3.254798557238531,3.2575086679364063,2.9786052718622043,0.4573809510011548,0.278903396074202,0.2761932853763267,0.002710110697875301
73,3.3208982224780206,3.3245762326372215,3.0258181806227,0.4553201131175258,0.298758052014521,0.2950800418553201,0.003678010159200884
74,3.558661620693534,3.56175704717248,3.3020206933288914,0.46373968264404114,0.2597363538435884,0.2566409273646424,0.003095426478946006
75,3.62345877001092,3.6243634090088683,3.3732350241338933,0.4654136016055097,0.251128384874975,0.2502237458770269,0.0009046389979481262
76,3.3715389477177853,3.365618991481423,3.1526330620801293,0.4679470320469965,0.21298592940129435,0.21890588563765645,-0.0059199562363621006
77,3.38582260397974,3.38196033539559,3.161626142878924,0.467158325141371,0.22033419251666597,0.22419646110081626,-0.0038622685841502857
78,3.408192247137591,3.4103436758423187,3.1903027203048095,0.46788676577222593,0.22004095553750957,0.21788952683278184,0.0021514287047277314
79,3.094587011354862,3.092308139403231,2.9049888791698337,0.4695390512337807,0.18731926023339707,0.1895981321850284,-0.002278871951631345
80,2.906397461262108,2.906397461262108,2.7217939745328077,0.4682418717347186,0.1846034867293005,0.1846034867293005,0.0
81,2.526132938083868,2.5217738664812552,2.3962297315908083,0.47469769636471,0.1255441348904469,0.12990320649305964,-0.00435907160261273
82,2.1291434938476033,2.131068748474939,2.0334128105327376,0.47730317056320676,0.09765593794220084,0.09573068331486523,0.0019252546273356153
83,1.995016304037641,1.982202079462932,1.8943936645568922,0.47631120091764484,0.08780841490604008,0.10062263948074901,-0.012814224574708932
84,2.11291646623374,2.1213134784098475,2.021985488027432,0.4775332266933914,0.09932799038241535,0.09093097820630769,0.008397012176107665
85,2.5623747994473587,2.5611787780088697,2.4441329427734866,0.4770386228667026,0.1170458352353827,0.11824185667387166,-0.001196021438488959
86,2.525580045691194,2.5194566986030327,2.390848547030101,0.4739011167230988,0.12860815157293182,0.13473149866109324,-0.006123347088161424
87,2.6474077760684125,2.6409575479559817,2.4834061982700013,0.46959807920004926,0.15755134968597995,0.16400157779841074,-0.006450228112430789
88,2.787659014950075,2.792497643066775,2.617118425503733,0.4690044717192293,0.1753792175630422,0.17054058944634232,0.0048386281166998835
89,3.177527629044659,3.1768959793855176,2.9758241197437965,0.46830748201864947,0.2010718596417207,0.20170350930086212,-0.00063164965914142
90,3.461434131833944,3.461434131833944,3.2385673600634117,0.467807162684264,0.22286677177053216,0.22286677177053216,0.0
91,3.7906284685183853,3.800353685309973,3.5176679532014408,0.4634008988451351,0.2826857321085323,0.27296051531694454,0.009725216791587776
92,4.006530224917254,4.027276809114586,3.705644173740252,0.4612563082537147,0.32163263537433373,0.3008860511770024,0.02074658419733133
93,4.136641687681879,4.119317512438638,3.800995809069893,0.4603942094353383,0.31832170336874466,0.33564587861198536,-0.017324175243240703
94,4.0959930694744715,4.074018421278306,3.764052330550969,0.4607156715521526,0.30996609072733694,0.3319407389235023,-0.021974648196165347
95,3.8376114728742583,3.8322993793961473,3.546555512258779,0.4623985311653195,0.28574386713736777,0.2910559606154788,-0.005312093478111013
96,3.6489488734872704,3.647733780231936,3.3897020870912367,0.46455385932996074,0.2580316931406994,0.2592467863960337,-0.0012150932553343097
97,3.5211741156218137,3.516190923125245,3.284641399628905,0.466743075219771,0.23154952349633984,0.23653271599290848,-0.004983192496568645
98,3.3516767535634377,3.343003603236136,3.1231807139619994,0.4665167786225797,0.21982288927413673,0.22849603960143838,-0.008673150327301649
99,3.1164571426848506,3.106787566428339,2.916260593057077,0.4686077326810829,0.190526973371262,0.20019654962777356,-0.009669576256511547
100,2.9599106983153742,2.9527716668151203,2.762700366693623,0.4672499207781559,0.19007130012149753,0.1972103316217515,-0.007139031500253967
101,2.709794697428781,2.7023959226943726,2.555788372479297,0.4722280776616734,0.14660755021507565,0.15400632494948407,-0.00739877473440842
102,1.8911407555208621,1.8728487590687348,1.779771900486299,0.4728418858734134,0.09307685858243597,0.11136885503456329,-0.018291996452127313
103,1.0015872300347481,0.9844010538600443,0.9321531671245418,0.46936488733783616,0.05224788673550251,0.06943406291020637,-0.01718617617470386
104,0.8572735193039378,0.8721112075595763,0.8048765110511922,0.46541206161277404,0.0672346965083841,0.052397008252745625,0.01483768825563847
105,1.436951310163665,1.440380984330556,1.3748492584748684,0.47782081378144753,0.06553172585568756,0.06210205168879668,0.0034296741668908837
106,2.1571690888602952,2.1651027087964354,2.0472112784178447,0.4736424209897481,0.11789143037859073,0.10995781044245057,0.007933619936140168
107,2.541133061133826,2.5421387283174215,2.3922365676846487,0.4706096126217357,0.14990216063277284,0.14889649344917721,0.0010056671835956266
108,2.7762647574713806,2.7911636678552276,2.599579097415814,0.4669263614760008,0.19158457043941368,0.17668566005556663,0.014898910383847053
109,3.6480239923963453,3.6525818217002373,3.377866181228306,0.4626829974446856,0.27471564047193153,0.2701578111680396,0.004557829303891925
110,3.881195590869024,3.8955860562854494,3.594180779272307,0.4621681490295434,0.301405277013143,0.2870148115967175,0.014390465416425524
111,4.093360694352541,4.096567416997787,3.782120071606032,0.4618013760541359,0.3144473453917547,0.3112406227465092,0.0032067226452454634
112,3.8662964625272718,3.863104651566355,3.587872579751818,0.4641850677421524,0.27523207181453646,0.27842388277545327,-0.0031918109609168077
113,3.7078195230294093,3.71177296235371,3.4520679145163284,0.4652638162159221,0.25970504783738146,0.2557516085130809,0.003953439324300589
114,3.391732924364681,3.3771550318522223,3.164977714027086,0.46757720536948816,0.2121773178251365,0.22675521033759516,-0.014577892512458668
115,3.3041296724470848,3.3113202397709856,3.0914274549243115,0.4673041888224044,0.21989278484667363,0.21270221752277285,0.007190567323900776
116,3.251711441331218,3.2574685089365194,3.0406698485397903,0.46713562565046624,0.21679866039672957,0.2110415927914282,0.005757067605301369
117,3.1184091148685003,3.12105827476324,2.935550909461528,0.4704810084174168,0.1855073653017114,0.18285820540697184,0.0026491598947395723
118,3.48138865322285,3.488239578314466,3.2454673664214844,0.46565860596923403,0.24277221189298137,0.23592128680136515,0.006850925091616222
119,3.620203569632291,3.6255969299305346,3.38177315146116,0.4667218137823693,0.24382377846937464,0.2384304181711312,0.005393360298243444
120,3.579826950044012,3.5798269500440125,3.3489520384622846,0.46775334187887363,0.23087491158172746,0.23087491158172702,4.440892098500626e-16
121,3.5596976182443263,3.5596976182443263,3.308967188568295,0.4647820606459695,0.2507304296760311,0.2507304296760311,0.0
122,3.766230454557461,3.7689459142307244,3.498059795603111,0.4642306462915177,0.27088611862761347,0.2681706589543502,0.002715459673263254
123,3.9900438549701285,3.9971048505297357,3.6657173427480716,0.4589519336511036,0.33138750778166415,0.3243265122220569,0.007060995559607264
124,4.080408793846607,4.081729495150898,3.740195638200971,0.45823722972725467,0.3415338569499271,0.34021315564563626,0.00132070130429085
125,3.8118859784636077,3.800500503848335,3.496693107426151,0.4593425616987562,0.30380739642218346,0.3151928710374561,-0.011385474615272617
126,3.268666241692277,3.2626188481550877,3.0469560051659643,0.4665170733248717,0.21566284298912342,0.2217102365263126,-0.006047393537189194
127,2.233483999742421,2.2268356870581862,2.1152248769419097,0.47423167518720233,0.11161081011627694,0.11825912280051165,-0.006648312684234714
128,1.9731866362668282,1.9718965189989106,1.8756844258844385,0.4754486412741009,0.0962120931144721,0.09750221038238971,-0.001290117267917612
129,1.5021324066654718,1.5084656381678603,1.4203827259399566,0.47179420991704973,0.08808291222790365,0.08174968072551514,0.006333231502388514
130,1.6472487807645275,1.647538569731228,1.5811435838755201,0.47989245304028827,0.0663949858557078,0.0661051968890074,0.00028978896670039944
131,1.6681249939178309,1.6750569250977414,1.5704343491405133,0.4697424152147068,0.10462257595722835,0.09769064477731781,0.006931931179910533
132,1.8165227586158037,1.8159988060514904,1.7424788954666595,0.4796885206175658,0.07351991058483076,0.07404386314914402,-0.000523952564313257
133,1.8587418216241693,1.8661044852485333,1.7735069135460009,0.4761288835659363,0.09259757170253247,0.08523490807816847,0.0073626636243639965
134,2.6062778403854403,2.6078156904361207,2.4625406072788905,0.47228546874395616,0.14527508315723026,0.14373723310654984,0.0015378500506804116
135,2.5238064590041387,2.5392096330131797,2.3676099541734716,0.4676283683763913,0.17159967883970806,0.15619650483066705,0.01540317400904101
136,3.2058868542427983,3.212763752395694,2.9925619039491584,0.466229132468139,0.22020184844653512,0.2133249502936394,0.006876898152895716
137,3.3166217483228926,3.332736637843348,3.0836364519784927,0.46374947369266356,0.24910018586485538,0.2329852963443999,0.016114889520455478
138,3.498645435308979,3.50462116840636,3.2660257964683788,0.4663574844824132,0.23859537193798142,0.2326196388406001,0.005975733097381308
139,3.553538829792877,3.560817361657809,3.3116081668366184,0.4654824804549671,0.24920919482119075,0.24193066295625876,0.007278531864931992
140,3.6856339927846715,3.6904501375781926,3.4152187171531754,0.463012440855276,0.27523142042501725,0.27041527563149614,0.004816144793521104
141,3.646976194919329,3.628686633915143,3.3717358436227265,0.46342662145640734,0.2569507902924162,0.2752403512966022,-0.018289561004185995
142,3.9239138161593505,3.9384917086718088,3.631817424396444,0.46192191599967564,0.30667428427536425,0.292096391762906,0.014577892512458224
143,3.842266327529159,3.8436914912524847,3.553166190715258,0.4622932202454496,0.2905253005372268,0.289100136813901,0.0014251637233257952
144,3.4804654274544795,3.48046542745448,3.235015315424331,0.46473889525033085,0.24545011203014866,0.24545011203014822,4.440892098500626e-16
145,3.305095130961391,3.289653549373565,3.0668659803791947,0.4650466801751458,0.2227875689943697,0.23822915058219607,-0.01544158158782638
146,2.9372228453520117,2.9247671335107124,2.7523227578825127,0.4695202086333977,0.17244437562819925,0.1849000874694986,-0.012455711841299344
147,2.7420262248663243,2.74145416813562,2.5982763001804057,0.4738370731654925,0.14317786795521403,0.14374992468591818,-0.0005720567307041513
148,2.5962540379286563,2.5915229140008487,2.461867403437978,0.47455151334567847,0.12965551056287117,0.13438663449067878,-0.004731123927807612
149,2.5261670071847306,2.519547471185029,2.3852458151754825,0.47272706876314197,0.1343016560095469,0.14092119200924857,-0.0066195359997016645
150,2.5933894355664164,2.594112292240417,2.4525865835307465,0.4727876176665195,0.14152570870967063,0.1408028520356699,0.000722856674000738
151,2.680329213597967,2.6844067675283303,2.5255077359406175,0.47076086219818053,0.1588990315877128,0.15482147765734933,0.0040775539303634645
152,2.646959579011447,2.664627545762518,2.4933709226880953,0.4694210721045456,0.17125662307442235,0.15358865632335128,0.017667966751071074
153,2.6568232538625303,2.6652543372391326,2.493631283205436,0.468544706558714,0.1716230540336965,0.16319197065709412,0.008431083376602366
154,2.7614232875212315,2.769898961234932,2.598313228834926,0.46974540841825163,0.17158573240000585,0.16311005868630524,0.008475673713700616
155,2.8558469206303796,2.861419869233726,2.690767997996049,0.4706388728905209,0.17065187123767656,0.1650789226343301,0.00557294860334645
156,3.040451730427591,3.0494182502139,2.8528886881755056,0.4684646301553699,0.19652956203839445,0.1875630422520853,0.008966519786309135
157,3.3694319970452717,3.3763173390425796,3.160558795057632,0.46852597652117556,0.21575854398494698,0.20887320198763915,0.006885341997307837
158,3.5969743846163706,3.5988210311582565,3.3667184335709366,0.46787300625451556,0.23210259758732033,0.2302559510454345,0.0018466465418858213
159,3.9123788023805757,3.9136995036848674,3.6280070735196652,0.4635791940272118,0.2856924301652022,0.28437172886091044,0.0013207013042917382
160,4.012809321592017,4.014057752097796,3.71729425298167,0.46310649209155197,0.29676349911612565,0.2955150686103467,0.0012484305057789413
161,3.9153111015307718,3.9206089493917724,3.62539091753563,0.4626630815495371,0.29521803185614237,0.28992018399514174,0.005297847861000626
162,3.9024988327751355,3.8894435545070634,3.6076847220089494,0.4630019759767881,0.28175883249811395,0.29481411076618613,-0.013055278268072179
163,3.5199812875472145,3.511464649271314,3.2774298483092594,0.46611036730692357,0.2340348009620543,0.24255143923795464,-0.008516638275900323
164,3.259829589219731,3.25850888791544,3.0487284397114514,0.4677155766620111,0.209780448203988,0.2111011495082793,-0.001320701304291294
165,3.031202793022302,3.037709926606088,2.8436483855733257,0.46855977618136635,0.19406154103276219,0.18755440744897633,0.006507133583785851
166,2.679565964284545,2.671763747721666,2.5336596910019527,0.47346357398189265,0.1381040567197127,0.14590627328259176,-0.00780221656287905
167,2.5523453405777365,2.54432247313897,2.4064302775422926,0.472157567551459,0.13789219559667742,0.145915063035444,-0.008022867438766568
168,2.4762792629606585,2.4800069100746174,2.353048111330477,0.4747603405413228,0.12695879874413984,0.12323115163018095,0.0037276471139588985
169,2.227859673187035,2.228830818794464,2.134278423064077,0.47889312190381667,0.09455239573038732,0.09358125012295826,0.0009711456074290581
170,2.3729474610440153,2.366137439125315,2.2542610475293285,0.47567433270688664,0.11187639159598639,0.11868641351468678,-0.006810021918700393
171,1.8593708947909007,1.872590050221542,1.773949070678802,0.47533966641574477,0.09864097954273987,0.08542182411209853,0.013219155430641338
172,1.6410622237644745,1.6260882453081433,1.5606570046227002,0.47768139833048257,0.06543124068544337,0.08040521914177456,-0.014973978456331194
173,1.8908897464276073,1.8881546646297072,1.7930661557286398,0.4744760740260709,0.09508850890106713,0.09782359069896729,-0.002735081797900163
174,2.188411375476759,2.1939717929425036,2.0775066456080564,0.4740586493164674,0.11646514733444713,0.11090472986870248,0.005560417465744649
175,2.2457717701591293,2.2480273045046495,2.135348315505001,0.47517663340672733,0.11267898899964823,0.11042345465412806,0.0022555343455201715
176,2.8884795065216164,2.89823089781798,2.7108393526892884,0.46845948099569035,0.18739154512869094,0.17764015383232756,0.009751391296363376
177,3.4273435340845837,3.4363177338477815,3.1976730067120056,0.4658844429942687,0.23864472713577545,0.22967052737257765,0.008974199763197799
178,3.8420027165641852,3.8429222041233544,3.5414620670097943,0.4608323573176762,0.3014601371135597,0.3005406495543905,0.000919487559169152
179,4.402674975758101,4.399122750178924,4.029788435260548,0.45783697384746974,0.3693343149183752,0.37288654049755277,-0.003552225579177559
180,4.381059770599812,4.379394057415526,4.022310449212482,0.45914407269055013,0.35708360820304375,0.3587493213873296,-0.0016657131842858774
181,3.9850791329930044,3.9735155071362187,3.6732441372371696,0.4615443182287178,0.3002713698990491,0.31183499575583484,-0.01156362585678572
182,3.6466082083735736,3.6349853140360544,3.386036003349687,0.46501304871370774,0.24894931068636694,0.2605722050238861,-0.011622894337519174
183,3.184705743337504,3.180086185577588,2.997160789360537,0.4708969001397374,0.18292539621705162,0.18754495397696758,-0.00461955775991596
184,2.634571007712735,2.638500587031981,2.486635371358944,0.47157246524723684,0.15186521567303624,0.14793563635379048,0.003929579319245757
185,2.1995095571133896,2.188462086962363,2.0834199616387794,0.47480251255762485,0.10504212532358403,0.11608959547461062,-0.011047470151026584
186,1.7922046788701602,1.7918036722300839,1.7148621345908681,0.4784760431890254,0.07694153763921552,0.07734254427929188,-0.00040100664007636233
187,1.5391396293932753,1.5365384045544213,1.4837263795435727,0.48240627372793604,0.052812025010848584,0.05541324984970264,-0.002601224838854055
188,1.7666633631636512,1.7715765734590432,1.6955369709570036,0.47920350268145473,0.07603960250203956,0.07112639220664763,0.004913210295391934
189,2.4694600277130707,2.470779894184732,2.3394516149720603,0.47355020241068685,0.13132827921267154,0.13000841274101038,0.0013198664716611574
190,2.591323985375068,2.5919535171284487,2.4632638261441033,0.47523286664747355,0.12868969098434535,0.12806015923096448,0.0006295317533808742
191,2.69168046954717,2.681109360397593,2.5382723573922776,0.4724309786408253,0.1428370030053152,0.15340811215489225,-0.01057110914957704
192,2.609011101641647,2.604244194059548,2.45752726038204,0.47139975331890915,0.14671693367750827,0.15148384125960712,-0.004766907582098856
193,2.53016031236258,2.524023466264768,2.3800848046384453,0.47091378329041417,0.14393866162632207,0.15007550772413447,-0.006136846097812398
194,3.0263134723214504,3.0289698468726605,2.843498052109225,0.46958959675691314,0.18547179476343523,0.1828154202122252,0.002656374551210039
195,3.4084997200282308,3.408051968699284,3.194823681155413,0.46868619604816775,0.2132282875438709,0.21367603887281783,-0.0004477513289469215
196,3.723115217516615,3.735482278972167,3.4639838365297866,0.4644283108400065,0.2714984424423803,0.2591313809868283,0.012367061455551998
197,3.944098187857187,3.9468136475304503,3.655327300181737,0.4632325612597813,0.29148634734871326,0.28877088767545,0.002715459673263254
198,3.9939361227083436,3.99456437269299,3.696414084679084,0.46271688745678424,0.29815028801390575,0.2975220380292596,0.0006282499846461675
199,3.917000228213611,3.901367041760635,3.6124234629319822,0.46204320393148807,0.28894357882865274,0.3045767652816287,-0.015633186452975956
200,3.635759369384359,3.633436752708775,3.3870408754825885,0.4659443518367069,0.2463958772261865,0.24871849390177037,-0.002322616675583866
201,3.240935664700215,3.234320136566404,3.0371057037906306,0.46903254435084174,0.19721443277577322,0.2038299609095846,-0.006615528133811388
202,2.9237621512712937,2.9196117762785057,2.7372117449975804,0.46843001644861837,0.1824000312809253,0.18655040627371333,-0.004150374992788031
203,2.974644222882776,2.997132347082332,2.8042838485343404,0.46958954603868,0.1928484985479919,0.17036037434843587,0.022488124199556037
204,2.949449666731611,2.9453232198990666,2.7775666226066615,0.47119145657098543,0.16775659729240555,0.1718830441249497,-0.004126446832544151
205,2.760484755042839,2.7517261092577323,2.5964250697740487,0.47103152141540977,0.15530103948368357,0.1640596852687901,-0.008758645785106545
206,2.5652921538824907,2.561143909071164,2.4159894398540764,0.47128051733899445,0.14515446921708763,0.14930271402841422,-0.004148244811326585
207,2.2185731737753236,2.2153360457757234,2.1033464487550306,0.47437742736825894,0.11198959702069322,0.11522672502029341,-0.0032371279996001867
208,2.31078363255229,2.3096466936796367,2.1957006590172554,0.475215619322606,0.11394603466238129,0.1150829735350345,-0.0011369388726532037
209,2.6445294766950744,2.6456178863012743,2.511543821308523,0.4747587635982186,0.1340740649927512,0.13298565538655138,0.001088409606199825
210,2.520824356911914,2.522255730142664,2.40422699520645,0.4767378177035146,0.11802873493621435,0.11659736170546431,0.0014313732307500437
211,2.7325983909656424,2.7372985387173774,2.5903430236628644,0.4735634065801263,0.146955515054513,0.142255367302778,0.0047001477517349954
212,2.8103250679703415,2.8248201197889973,2.647137609844934,0.4697549968357596,0.17768250994406287,0.16318745812540714,0.014495051818655735
213,3.169967293517526,3.1830225717855987,2.9730889556604514,0.46798263789117417,0.20993361612514683,0.1968783378570742,0.013055278268072623
214,3.6639022108366324,3.6701537432153066,3.4094604241822886,0.4648806125209095,0.26069331903301807,0.2544417866543438,0.006251532378674263
215,3.8636774618281504,3.8695169224934047,3.5794525602784244,0.46286856147512384,0.29006436221498033,0.284224901549726,0.005839460665254315
216,3.940372124037267,3.9386352370452267,3.6452874948966576,0.4626582166812233,0.2933477421485686,0.29508462914060907,-0.0017368869920404428
217,3.99804391052606,4.004429228116007,3.6953010006696037,0.4617698724692822,0.30912822744640334,0.30274290985645624,0.006385317589947093
218,3.8019320166970574,3.797696086804971,3.5150486128803475,0.46252902971140886,0.2826474739246234,0.28688340381670985,-0.004235929892086432
219,3.559588364736719,3.5733051244943863,3.3089163232274346,0.4638953782533099,0.2643888012669513,0.2506720415092838,0.013716759757667507
220,3.5805822545374624,3.57120828044005,3.3219341782685623,0.4644898591509165,0.2492741021714875,0.2586480762689001,-0.009373974097412585
221,3.148439648259277,3.1235193014899156,2.9356497234387375,0.4680594606819182,0.1878695780511781,0.2127899248205396,-0.0249203467693615
222,3.350942423652246,3.3608525957860986,3.131541767427542,0.46657291504852827,0.22931082835855676,0.21940065622470417,0.00991017213385259
223,3.146270715095354,3.1405494311443443,2.9517329462965134,0.4695112755948677,0.18881648484783087,0.19453776879884055,-0.005721283951009681
224,2.7790431765786487,2.7812265833521606,2.604956589099163,0.46849464172968075,0.17626999425299816,0.17408658747948635,0.002183406773511809
225,2.6427950429644502,2.6300044712816315,2.4898256330170367,0.4722018400832444,0.14017883826459432,0.15296940994741304,-0.012790571682818719
226,1.6666483147013653,1.656204962666921,1.5884341266949047,0.47803318235975534,0.06777083597201639,0.07821418800646063,-0.010443352034444242
227,1.674767062143478,1.6774825218167413,1.5720781237587598,0.46896213554050675,0.10540439805798152,0.10268893838471826,0.002715459673263254
228,1.2758657915199696,1.2794732718247563,1.2176960378343336,0.4765301228716282,0.061777233990422786,0.05816975368563604,0.0036074803047867476
229,1.5971404147439754,1.606457167885865,1.5182785663592284,0.47392923961219563,0.08817860152663681,0.07886184838474719,0.009316753141889622
230,2.0891456824188066,2.0936450030654554,1.9700310582630007,0.47098485350933134,0.12361394480245469,0.11911462415580587,0.004499320646648819
231,1.9529141791309734,1.9565639246748896,1.866919181922944,0.47753667685349227,0.08964474275194556,0.08599499720802939,0.003649745543916172
232,2.9973745681421966,3.0150847087920276,2.8038378008143323,0.4663379279042734,0.21124690797769574,0.19353676732786473,0.017710140649831008
233,3.5636888952794408,3.580595652369744,3.302053889081765,0.46219518092519146,0.27854176328797964,0.2616350061976762,0.016906757090303426
234,3.9983232681229746,3.9979529806370016,3.6749477541406046,0.45958239057967737,0.32300522649639696,0.32337551398236997,-0.00037028748597300876
235,4.126678725986646,4.107838816888424,3.7828240898870664,0.45938624457241717,0.32501472700135725,0.34385463609957956,-0.018839909098222307
236,3.760985548270285,3.7569079943399215,3.4888945957991133,0.4640787444015564,0.2680133985408082,0.27209095247117165,-0.0040775539303634645
237,3.552469309848317,3.5535042256439566,3.3173018754896586,0.4668328497032391,0.23620235015429758,0.23516743435865806,0.0010349157956395239
238,3.2551225668195407,3.2540246815370697,3.0607466180093725,0.4702223657303391,0.19327806352769716,0.19437594881016818,-0.0010978852824710117
239,3.078231396021293,3.0752162782411965,2.901667387401108,0.47155148479407233,0.17354889084008862,0.17656400862018495,-0.0030151177800963325
240,3.0709215349191683,3.0684179848859827,2.8865869935829775,0.4701787520092375,0.18183099130300562,0.1843345413361912,-0.0025035500331855864
241,2.8140705119471727,2.8210810101583963,2.6523578659633946,0.4706808424864401,0.16872314419500167,0.1617126459837781,0.00701049821122357
242,2.891574958816182,2.895523634420613,2.7317737009019942,0.47204547441001515,0.163749933518619,0.1598012579141881,0.003948675604430907
243,3.2926647752611435,3.2938736007764264,3.0831342384666782,0.4680962992158981,0.2107393623097482,0.20953053679446532,0.0012088255152828964
244,3.7042347994308122,3.7069102702672074,3.4519357631912397,0.4657763045693417,0.25497450707596725,0.25229903623957206,0.0026754708363951885
245,4.1053457786976555,4.116347078782059,3.7805244794577684,0.45982312219537885,0.3358225993242909,0.3248212992398871,0.011001300084403809
246,4.281224810510633,4.283052298796687,3.933267874292623,0.45926443342405426,0.34978442450406355,0.3479569362180097,0.0018274882860538355
247,4.2429404166047515,4.235467897260021,3.893382041203835,0.4592114341599912,0.3420858560561859,0.3495583754009166,-0.007472519344730699
248,3.8583292614510367,3.8491463031104916,3.5533716725441513,0.461029249172365,0.2957746305663407,0.30495758890688585,-0.009182958340545166
249,3.537230281628873,3.5347732584357274,3.3058647500067493,0.4674580168516928,0.22890850842897814,0.23136553162212392,-0.0024570231931457798
250,3.494361132662066,3.493040431357774,3.26244592672675,0.4669040267452255,0.23059450463102404,0.23191520593531578,-0.0013207013042917382
251,3.458615381971146,3.456708706872037,3.241041270524656,0.46867525352189643,0.21566743634738073,0.21757411144648975,-0.001906675099109023
252,3.499316327091961,3.496736697689051,3.2788852512963684,0.4686764436578871,0.2178514463926824,0.2204310757955925,-0.002579629402910122
253,3.417479939151625,3.4097338033872613,3.196369405400302,0.46818065552634136,0.21336439798695883,0.2211105337513226,-0.007746135764363782
254,3.0826112530715353,3.0726596789449996,2.8950316826133133,0.4703337537190859,0.17762799633168624,0.18757957045822193,-0.00995157412653569
255,2.843983163509702,2.835077877113261,2.6791941136530117,0.47176709221620167,0.1558837634602499,0.16478904985669063,-0.008905286396440726
256,2.1938331873925767,2.2010237547164775,2.0737119894890976,0.4718497136095494,0.1273117652273803,0.12012119790347953,0.007190567323900776
257,1.904065395824163,1.8995531016086338,1.8151908761255655,0.47722737633932144,0.08436222548306804,0.08887451969859717,-0.004512294215529122
258,1.4877141211485196,1.4865048354257342,1.4027500708273763,0.4716364502104724,0.08375476459835807,0.08496405032114351,-0.001209285722785447
259,1.8059717986589723,1.8090689626326595,1.7314751397903945,0.4789642092919995,0.07759382284226524,0.07449665886857804,0.0030971639736872003
260,1.8369430102144872,1.8426688415084191,1.7652480230857839,0.47973756315064614,0.07742081842263526,0.07169498712870337,0.005725831293931893
261,2.3029303273684114,2.3042748860431574,2.2054828397353288,0.47870297448769394,0.09879204630782867,0.09744748763308264,0.0013445586747460325
262,2.5622397116004154,2.5666157114634127,2.4329977222475043,0.4743744016075428,0.1336179892159084,0.1292419893529111,0.004375999862997304
263,2.601709738795168,2.6032144919172424,2.470550602697116,0.4746564009749217,0.13266388922012684,0.13115913609805263,0.0015047531220742094
